"vi_VN";"vi_VN"
"Post New Listing";"Post New Listing"
"";""
"Post New Listing";"Tạo mới chủ đề"
"Hot Classifieds";"Chủ đề nổi bật"
"Blogs";"Tư vấn chuyên gia"
"Browse Categories";"Danh mục chủ đề"
"Recent Classifieds";"Bài viết mới"
"Popular Classifieds";"Bài viết nổi bật"
"Category";"Danh mục"
"Categories";"Danh mục"
"Browse By";"Xắp xếp theo"
"Most Recent";"Mới nhất"
"Most Viewed";"Xem nhiều"
"Search Classifieds";"Từ khóa"
"Search";"Tìm kiếm"
"Browse Classifieds";"Danh sách chủ đề"
"Classified Listings";"Chủ đề"
"Browse Listings";"Danh mục chủ đề"
"My Listings";"Chủ đề của tôi"
"Post a New Listing";"Tạo mới chủ đề"
"";""
"";""
"";""
"";""
"";""
"";""
"";""
"";""
"";""
"";""
"";""
"";""